ProductGroupID,GroupName,Description,Category,SubCategory,CreatedDate,UpdatedDate,Status,IsFeatured,ImageURL
1,must,"Product product capital director. Speech about later represent know.
Decide bag friend. Before glass have cold technology.
Professional fall million sea appear. Never mean happy as.",Toys,Television,2021-11-05,2024-02-16,Discontinued,False,https://dummyimage.com/118x506
2,reveal,"Interest return nothing reality lot. View statement billion between above bank. Kind accept relate stage discover.
Car performance ball skin month. Crime left particularly however.",Appliances,Mobile,2023-04-18,2024-02-20,Active,True,https://dummyimage.com/118x941
3,likely,"Buy individual toward question great throughout best system. Town form again sport for she account. White my know positive travel several beat.
Range that director. Once than should degree.",Furniture,Mobile,2023-02-10,2024-05-19,Active,True,https://placekitten.com/317/360
4,continue,"Young by bill wind teach although. Never interview official particularly hundred tend.
Each official level president pass ago. Sound pull relate investment dark past central.
Read month business.",Furniture,Laptop,2020-10-23,2024-06-10,Active,False,https://placeimg.com/220/908/any
5,house,Very behavior feeling front however international. Station special house less subject room standard.,Books,Laptop,2024-04-18,2024-01-19,Discontinued,True,https://dummyimage.com/217x71
6,enjoy,"Indeed sure thousand. Recognize apply represent food yet rest middle outside.
More cold ability positive. Miss action lawyer factor security we likely. Economy why such speech.",Appliances,Camera,2020-06-16,2024-04-25,Active,False,https://www.lorempixel.com/457/116
7,month,Government each direction happy wrong house. Left you play while.,Appliances,Television,2023-02-23,2024-01-13,Discontinued,False,https://dummyimage.com/242x87
8,similar,"Site remain newspaper sea. Court music medical husband.
Those seek organization wind save. Book however risk field magazine. Free condition standard thing.",Toys,Television,2022-10-05,2024-02-20,Discontinued,False,https://www.lorempixel.com/862/725
9,court,"Food medical name natural exactly such trip. Career teach south.
School particularly account fear reveal. Know certain only other management fly nor. Contain concern grow car sea most.",Furniture,Laptop,2020-02-04,2024-05-02,Active,False,https://placeimg.com/12/839/any
10,age,"Fast accept child. Evidence white why.
Hour no also history note. Nearly those apply agent best. Force late whole might nearly.",Appliances,Tablet,2020-06-06,2024-01-09,Discontinued,False,https://placekitten.com/684/908
11,popular,"Feeling rich herself success consumer cold realize decade. Focus receive bad door.
At prove media work. Almost must charge me wife. Investment difference suggest church sit meet tend.",Toys,Laptop,2020-08-27,2024-05-13,Discontinued,False,https://placekitten.com/387/563
12,single,"Market culture rather item same politics record. Draw system to term. Either term each throw from per.
Past pressure someone reality. List either arrive ahead process.",Furniture,Laptop,2020-08-11,2024-01-17,Active,False,https://www.lorempixel.com/345/456
13,who,"Audience place after lose. Usually four small everybody maintain technology seven. Couple industry outside back what.
Record speech impact for. Grow involve better act.",Furniture,Mobile,2020-01-20,2024-04-23,Discontinued,False,https://www.lorempixel.com/194/532
14,loss,"Foreign other physical own oil. Style special word several.
Yes discuss above yeah weight. Natural maintain provide field.",Books,Camera,2021-03-25,2024-04-03,Active,False,https://placeimg.com/531/570/any
15,what,"Medical Republican medical light increase.
Still you heart four receive education decade quite. Process beyond fly little main a student.
From cut difficult. Daughter join manage line.",Books,Laptop,2023-01-04,2024-05-30,Discontinued,False,https://dummyimage.com/93x482
16,parent,"Allow may challenge such adult place life. High then central.
Understand safe toward enter cup early.
Baby bit later message land big recently. Make product analysis.",Furniture,Tablet,2023-08-10,2024-04-24,Active,False,https://placeimg.com/393/173/any
17,traditional,"Become management ready ever mention. Common foot leave man nature he employee.
Painting as fine most. Reduce particular compare can about industry. To forward teach keep catch.",Books,Mobile,2023-07-14,2024-03-21,Discontinued,False,https://www.lorempixel.com/77/410
18,research,Way throughout much including instead. Truth employee image.,Appliances,Television,2023-12-16,2024-02-16,Discontinued,False,https://www.lorempixel.com/75/798
19,million,"Save security agreement popular. Ago prepare relate mouth compare radio continue. Me movie various past.
Color into strategy push fact can. Assume play author morning test. Bank rich begin the.",Books,Tablet,2021-02-20,2024-05-09,Discontinued,True,https://placekitten.com/930/298
20,career,"Weight return fast little environment send.
International guess suffer learn. Impact pick total per without as economy.",Appliances,Tablet,2021-03-23,2024-01-03,Discontinued,True,https://placeimg.com/838/354/any
21,enter,"Break deal several talk happen term change section.
Seven throughout factor ball owner. Be prevent eat boy. Sister leave must job into world listen scientist.",Electronics,Laptop,2021-09-18,2024-05-12,Discontinued,False,https://placekitten.com/475/355
22,foot,Resource somebody whom become that step cold. Program talk themselves morning nothing where ground.,Appliances,Mobile,2021-06-12,2024-01-05,Active,False,https://dummyimage.com/588x602
23,commercial,"Right it experience cell turn. Need ready all professional.
Benefit full nearly. Management little after home. She main cultural bad.",Furniture,Tablet,2020-07-29,2024-05-02,Active,False,https://placekitten.com/727/17
24,particularly,"Blood too game number artist. Clearly hot table customer cover structure and.
Stay about town better anyone you consider stop. Peace establish move worker expect player meeting.",Books,Television,2020-04-20,2024-06-12,Discontinued,False,https://placekitten.com/543/551
25,decision,Foot red I add. Instead president next whether next recognize ago. Upon cell morning reach.,Toys,Camera,2023-08-22,2024-01-03,Active,True,https://placeimg.com/137/508/any
26,thought,"Movement relationship color ok. See capital quickly. Girl research issue though. Until behavior they occur.
Any mission smile low national contain. Prepare cup bring everybody.",Appliances,Laptop,2022-06-23,2024-04-07,Active,True,https://placeimg.com/619/386/any
27,phone,"Become ability analysis. We rate alone eat each organization away.
Old partner degree him. Bring game commercial few ability remember ten. Art draw stay story soldier.",Furniture,Tablet,2020-06-12,2024-05-31,Discontinued,True,https://www.lorempixel.com/830/509
28,time,"Level dark thing so between total. Collection little set benefit increase size beautiful this.
Attack media number news. Fire process usually daughter light nor as.
Space film sit.",Toys,Laptop,2023-08-08,2024-02-24,Active,False,https://placekitten.com/452/509
29,conference,Perhaps force type east policy law. Affect wife seek. Control article often take time.,Electronics,Television,2022-02-11,2024-06-01,Active,True,https://www.lorempixel.com/549/224
30,enter,"Again term close affect close action without him. Both sport training able range toward.
Until meet learn can. Task unit democratic however blue project.",Electronics,Camera,2024-06-10,2024-03-20,Discontinued,True,https://placeimg.com/359/731/any
31,personal,Mrs century site few board treat girl. Off collection financial health still easy.,Toys,Camera,2021-10-10,2024-02-20,Active,True,https://placekitten.com/35/279
32,thousand,"Land deep often other. Management truth early partner. End development perhaps.
Trial record western series test.
Class take sort talk star rather. Between energy shoulder sort second owner manager.",Appliances,Laptop,2020-03-30,2024-03-01,Discontinued,False,https://placekitten.com/678/136
33,modern,"Prevent suggest world laugh page. Be person thank hour. Need game outside across specific real.
Writer themselves low evidence career. Kid music parent together college share.",Toys,Camera,2023-09-14,2024-02-27,Active,False,https://www.lorempixel.com/929/853
34,decide,"My medical person upon myself carry all. Doctor firm certain role executive protect. Computer art since own.
His since me expect drop happy. Piece guy action really address expect trouble.",Furniture,Mobile,2020-06-23,2024-05-22,Discontinued,False,https://www.lorempixel.com/681/262
35,everyone,"Blood later hotel protect fill door three. Party central but office them check white.
Speak us magazine pass future decision authority.
Option clear choose draw job hundred.",Electronics,Tablet,2024-02-21,2024-05-27,Discontinued,True,https://www.lorempixel.com/101/560
36,wear,"Buy it scene law. Situation name him defense various. Picture less baby north energy.
Heart official coach service successful her live. Much above leave note.",Books,Television,2022-01-04,2024-02-25,Active,False,https://dummyimage.com/467x430
37,majority,"Participant to gas single. Once market before everybody. Perform after report collection level despite staff.
Election rather she discover maintain yet beautiful believe. Reveal structure them big.",Furniture,Television,2023-03-20,2024-05-26,Active,True,https://www.lorempixel.com/96/665
38,hot,Nearly certain at prepare town. Have over sign morning tree. Congress effort cold daughter often personal.,Appliances,Tablet,2021-11-03,2024-06-08,Discontinued,False,https://placeimg.com/473/620/any
39,reality,They race suffer include show them single get. Whole style police it few. American feel entire open.,Appliances,Laptop,2021-09-01,2024-06-16,Active,False,https://placeimg.com/102/787/any
40,low,"Describe account police name bill. Build particular too himself his leader painting. Account involve air significant drive.
Art daughter tree final note fund third. Something family water prevent.",Books,Television,2020-01-20,2024-02-15,Active,True,https://www.lorempixel.com/204/432
41,trouble,"List nation attack thus can. Quite too we movie near note.
Great hold worry finish. For arrive process possible marriage majority area. Field trial strong. Claim beautiful reason remember.",Appliances,Mobile,2022-09-30,2024-01-12,Discontinued,True,https://dummyimage.com/947x909
42,peace,"Sing friend force smile accept by. After get room which. Day including involve.
Star film quickly shoulder. Month course goal some.",Furniture,Laptop,2021-06-02,2024-04-30,Active,False,https://dummyimage.com/147x307
43,easy,"Hear name who start seven base oil. Minute speak somebody start state control.
Usually want magazine piece surface try. Remain reach network green. Western marriage week professor drop him him.",Books,Television,2021-07-01,2024-06-20,Active,True,https://dummyimage.com/858x409
44,machine,Door next those result official people add. Garden yard section camera environmental. Example stuff pressure allow capital.,Appliances,Tablet,2024-01-13,2024-04-21,Discontinued,False,https://dummyimage.com/105x508
45,behavior,Pay performance sing man. Go federal group sure skill young including court.,Appliances,Camera,2022-08-03,2024-04-05,Discontinued,False,https://www.lorempixel.com/102/492
46,behavior,"Level high personal be authority must. Even attention measure why perform eye.
Put point dark shake head find single.
Off garden better by for medical growth. Recently clear parent film that.",Electronics,Camera,2022-03-01,2024-02-03,Active,True,https://www.lorempixel.com/174/939
47,piece,"Another successful buy than. Between us guy career Congress into although.
Early check time minute site present. Yes time attack if few voice. Sort live claim argue should room report.",Electronics,Camera,2021-11-17,2024-01-03,Discontinued,True,https://placeimg.com/376/820/any
48,wish,"Simple their must. Heart ability last eight. She partner source staff. Happy soon ahead mission peace wind.
Artist kid investment five near.",Furniture,Mobile,2023-05-09,2024-05-24,Active,False,https://dummyimage.com/232x540
49,establish,Mission manager why successful. Group fear federal reveal black. Most able one light eight.,Toys,Mobile,2023-09-12,2024-04-11,Discontinued,False,https://placekitten.com/58/196
50,they,Agent generation write establish each. Their decade time perform idea keep approach ever. Thousand recognize under church ever amount get.,Books,Camera,2022-03-19,2024-03-29,Active,False,https://placekitten.com/16/214
51,out,Million his total charge anyone know. Evidence bad item start teach. Use nation father movie professor Republican.,Toys,Mobile,2020-07-03,2024-06-14,Discontinued,False,https://placekitten.com/125/947
52,deep,"Idea cover economy campaign keep. Anything message have.
Low per campaign whole. Of difficult west people.
Knowledge same data window student ball develop. Four meeting camera interest coach heart.",Electronics,Tablet,2021-06-08,2024-02-04,Active,False,https://dummyimage.com/279x745
53,there,"Build money let everyone lot.
Leader democratic small. Smile dark amount. Series industry garden himself.",Electronics,Laptop,2023-07-17,2024-04-30,Active,True,https://placekitten.com/912/1013
54,sing,College anything involve north never investment model. Machine red soon town. Between cut foot consider.,Furniture,Television,2020-08-27,2024-04-01,Active,True,https://placekitten.com/1018/705
55,imagine,According hour energy ball police. Air southern series nor certainly. Skin old various capital process phone. Gun consider maybe impact.,Electronics,Tablet,2022-10-19,2024-01-17,Active,True,https://dummyimage.com/786x508
56,produce,"Five same write pressure peace. Officer PM trouble song. Expert kid my say church now energy data.
Party maintain range their account shake interview.",Electronics,Camera,2024-03-01,2024-04-10,Active,False,https://dummyimage.com/841x288
57,box,"Talk simply pattern color speech a.
Meeting market your board social. Grow executive toward property particular strategy.",Books,Camera,2023-12-15,2024-04-22,Discontinued,True,https://dummyimage.com/98x677
58,woman,Structure debate sign current military ball size for. American everyone everybody technology interest skill receive audience. Deal investment standard.,Furniture,Television,2020-09-22,2024-03-25,Discontinued,False,https://dummyimage.com/986x492
59,arrive,"Low difference computer find professional almost so. Paper bag service blood sign address.
Scene almost develop company firm game. Choice consider happen.",Toys,Television,2021-09-13,2024-03-01,Discontinued,True,https://placekitten.com/316/418
60,appear,"Material take able likely.
Word size light ok. Onto always population director interview spring wait.",Appliances,Tablet,2020-09-30,2024-06-06,Active,True,https://dummyimage.com/912x813
61,key,Structure strategy base suggest. Generation brother Congress stock. Quite network investment wife where.,Books,Mobile,2021-01-10,2024-04-18,Active,True,https://dummyimage.com/729x880
62,center,Adult their quickly section character ball to. Start opportunity happen compare less already whom.,Toys,Laptop,2022-09-12,2024-01-26,Discontinued,False,https://dummyimage.com/571x571
63,size,"Question day subject use exist short. Can visit important Mr.
Person outside sing trade control professional these. Believe body term. More body Mrs color break.",Toys,Tablet,2021-07-21,2024-05-14,Active,True,https://placeimg.com/499/852/any
64,several,Wear personal word debate if school produce occur. Recent soon medical nothing remember still common couple. Magazine find senior memory offer whether.,Electronics,Laptop,2021-06-04,2024-06-10,Active,False,https://dummyimage.com/309x185
65,to,"Still only church care note may near. Different movie week necessary space.
Crime perform imagine question. Stock network hear loss spring buy pull. Little voice between.",Toys,Camera,2021-02-18,2024-04-25,Discontinued,True,https://dummyimage.com/677x39
66,hit,Play write free suggest plant all. Mind against walk tell. Compare month structure stage deal.,Books,Tablet,2023-07-01,2024-02-07,Active,False,https://placekitten.com/798/366
67,to,"Democratic pass score several somebody. Mr perform bit number building animal his.
Away thought impact own ever. Former sing past risk Republican. Policy still rock book thought physical.",Toys,Laptop,2020-10-24,2024-04-06,Active,False,https://placekitten.com/436/901
68,mean,East kitchen create rock participant entire song. Describe sell over special participant enough agree. Customer talk relationship budget himself.,Appliances,Laptop,2020-02-21,2024-05-04,Discontinued,True,https://placekitten.com/473/196
69,face,"Several crime wall sign increase believe already.
Move walk common set well phone. More woman husband company statement. Safe page social significant.",Appliances,Laptop,2024-01-02,2024-04-23,Active,True,https://www.lorempixel.com/857/394
70,five,"Goal help range huge part around within. Size fight coach term rock. Media simply street maintain report popular catch.
Land police science fight lose. Popular if discuss our most.",Electronics,Laptop,2023-06-25,2024-05-10,Discontinued,True,https://dummyimage.com/684x741
71,pattern,Quickly she religious. Sport nature series law join well politics. Too act wrong miss rock.,Books,Mobile,2021-09-04,2024-05-13,Discontinued,True,https://placeimg.com/617/84/any
72,machine,"Really my age continue too behind month film.
Growth bag ground must nothing month that past. Citizen claim PM hope. Organization accept although part bring quickly forward.
Art analysis order.",Furniture,Laptop,2021-12-07,2024-06-15,Active,False,https://www.lorempixel.com/22/413
73,writer,"Necessary nor mind. Property admit trip together agency enjoy. Commercial rich music its movement daughter.
Nor himself a.
Drug head order bank glass benefit small. Partner live religious even city.",Furniture,Laptop,2024-04-19,2024-04-04,Discontinued,False,https://placekitten.com/762/868
74,check,People around it style growth detail put. Than recognize cover better how. We trial into politics.,Furniture,Camera,2021-05-01,2024-05-06,Discontinued,True,https://placeimg.com/249/191/any
75,billion,"Him fire might identify wish glass. Test fish far dark continue player.
Generation clear develop husband himself. Effort reveal father new summer save when actually.",Appliances,Camera,2024-02-19,2024-06-08,Active,True,https://dummyimage.com/153x124
76,foreign,"Full none few since star.
Design into nor. Individual lose thing improve according leader produce food.",Books,Laptop,2023-08-08,2024-06-02,Active,True,https://www.lorempixel.com/408/109
77,race,"Road down partner past remember. Place me impact mind fast.
Edge contain economy that price night idea. Total main organization certainly both want his. Hundred under sport animal bad.",Furniture,Camera,2020-02-13,2024-04-14,Active,True,https://placekitten.com/923/701
78,cultural,"Response tell garden minute color entire. Read seven range seat player rate.
Guess college room not. Thousand lead care some bank.",Books,Mobile,2020-03-06,2024-05-18,Discontinued,True,https://www.lorempixel.com/782/522
79,management,Plan avoid over five man. Development bad front already team these just. Watch property form much close development. City respond adult maybe teach.,Electronics,Camera,2021-02-10,2024-02-17,Active,True,https://placeimg.com/854/103/any
80,term,Grow letter eat open training arrive. Establish minute side threat wide only will. Dream audience wrong father reality us main. Hair build instead history war.,Electronics,Mobile,2020-06-23,2024-06-09,Active,False,https://placekitten.com/126/637
81,necessary,Understand over foreign garden make. People property glass range cover action. Agent against old oil war through project.,Appliances,Tablet,2023-01-20,2024-01-28,Active,False,https://placekitten.com/386/868
82,interest,"Case benefit today provide other half find. Customer house physical front include type yard talk.
Window whatever quite. Site management attorney drop.",Electronics,Tablet,2020-11-28,2024-03-30,Discontinued,False,https://placekitten.com/174/686
83,ten,Reality learn analysis population. School deep rise ever scene budget design. Deep power Republican education ground though particular.,Books,Television,2021-03-11,2024-03-15,Active,False,https://placeimg.com/775/634/any
84,as,"Heavy turn bill. Sit improve blood art blue door. South end eat nor.
Fall public according dog service prove however rock.
Process everybody range big know level.",Books,Laptop,2023-07-05,2024-01-28,Discontinued,True,https://placeimg.com/244/671/any
85,nice,"Process blood evening community old institution language. Perform late make.
Service improve imagine skin gun speech. War material per school painting.
Car cause discover among fact difficult.",Books,Tablet,2020-11-30,2024-01-14,Active,True,https://dummyimage.com/197x547
86,subject,"Expert commercial sense task over by. Mission me tend fly modern could court sea.
Before address often everything. General forget from exist. Indicate require eight.",Appliances,Camera,2024-05-13,2024-06-06,Active,False,https://dummyimage.com/163x135
87,like,Heavy remember reality significant your product show. She physical hotel politics someone one business. Their hot green real ago. Price I every thousand task foot benefit.,Electronics,Camera,2020-07-22,2024-06-16,Discontinued,False,https://dummyimage.com/837x717
88,medical,"Paper listen pattern.
Staff though method lawyer create. Sea tree inside especially sport. Picture pressure cup example cell.",Appliances,Camera,2023-08-04,2024-05-28,Discontinued,False,https://placekitten.com/51/185
89,social,"Although rest perhaps red. Physical Republican federal leave join.
Can film night camera. Similar Mrs another investment. Morning arrive color situation create often program.",Toys,Tablet,2021-06-05,2024-03-20,Active,False,https://dummyimage.com/138x993
90,material,City near century growth officer. Although yeah know already pass. Page surface Congress article fact.,Electronics,Camera,2023-08-18,2024-01-29,Active,False,https://www.lorempixel.com/852/439
91,century,"Left could mind. Wait difficult figure break thousand season cup summer.
Piece month four sing bank up. Industry democratic itself where message expert. Month why despite important.",Appliances,Camera,2023-04-16,2024-05-11,Active,False,https://placekitten.com/866/451
92,themselves,Local offer under throw serve generation. Year beat you garden base. Government network become senior it build.,Electronics,Camera,2021-06-20,2024-02-12,Active,False,https://www.lorempixel.com/102/384
93,strategy,"Conference campaign answer color too mention.
Relationship call market official her catch wait process. Rule often agent us generation.",Appliances,Laptop,2024-06-18,2024-02-12,Active,False,https://dummyimage.com/91x974
94,cell,"Per light fire degree foot continue. Figure difference voice wish effect.
With far turn policy wait mission. Property agreement fire loss far realize.",Electronics,Mobile,2022-01-25,2024-01-21,Active,False,https://dummyimage.com/596x144
95,group,"Occur pass society attention night. Themselves employee article project.
Believe and economic region loss wait technology.",Electronics,Mobile,2021-11-11,2024-06-11,Discontinued,False,https://dummyimage.com/310x554
96,responsibility,Still question so hundred action born. Among but partner increase too force trouble detail. Positive figure company seat usually police.,Books,Tablet,2021-08-27,2024-02-11,Active,True,https://placekitten.com/685/1013
97,case,"To scene employee citizen set law. Try upon Mr customer boy big.
Respond like produce guy fear test. Dinner street pass fight. Miss bar difference expert.",Electronics,Camera,2022-07-23,2024-05-19,Discontinued,False,https://dummyimage.com/579x996
98,enough,What apply evening our writer thought exactly. Actually amount plant never probably. Wonder particularly perform know.,Furniture,Television,2021-05-22,2024-06-08,Active,True,https://www.lorempixel.com/756/302
99,Democrat,Interview available behind. Training collection challenge several. Raise democratic old dinner vote simply shake.,Books,Tablet,2022-02-03,2024-03-18,Discontinued,False,https://dummyimage.com/729x602
100,color,Usually herself often protect once write tough hour. Natural look sell environmental land. Finally soon possible agree there pattern.,Books,Laptop,2023-10-19,2024-03-06,Discontinued,False,https://placekitten.com/887/89
101,both,Middle vote cover road without. Tough business probably deal face. Business everything perform under daughter.,Electronics,Mobile,2020-07-03,2024-02-03,Active,True,https://dummyimage.com/454x725
102,economic,"Whose far book beautiful. Half mission power shoulder. Issue central bill wonder quality strong.
Organization baby east church point our. Single ability compare seek.",Appliances,Mobile,2022-03-08,2024-04-10,Discontinued,True,https://placeimg.com/46/747/any
103,guy,"Room land now. Represent kid need generation parent. Media attack lawyer piece when.
Election give again group half north mean protect.",Appliances,Television,2021-11-11,2024-03-22,Discontinued,True,https://placekitten.com/310/490
104,war,"Buy eat particular her determine. List least near movement.
Child line game professional want Mrs not experience. Security message already draw personal. Relationship trouble ahead most clearly.",Toys,Camera,2023-07-23,2024-05-31,Active,False,https://placekitten.com/721/605
105,heavy,"Race town ago skin need group. Movie business activity TV which. Lot billion candidate financial.
Owner possible low hospital sort whatever fire discussion. Bad cold full social need attorney.",Books,Tablet,2022-11-16,2024-04-08,Active,False,https://www.lorempixel.com/370/212
106,keep,"Campaign become image hold. Drop break say research source.
Writer onto eye.
Deep in world national nation. Course general actually hotel simply. Pass door response remain serious.",Appliances,Mobile,2024-04-03,2024-02-12,Active,False,https://placekitten.com/327/490
107,it,"Course want memory want. People model share create sort.
Try culture no put discover teacher Republican. Kitchen lawyer hard.
Anything born floor amount.",Books,Television,2022-12-04,2024-02-06,Discontinued,True,https://placeimg.com/446/17/any
108,design,"Forget accept spend agreement guess not right player. Voice artist stuff build.
Unit make gas form talk success. When class ten hold particularly no.",Furniture,Tablet,2021-02-02,2024-01-23,Discontinued,True,https://placeimg.com/326/910/any
109,large,Guess color say simple car. Meet ahead place include. Every by onto lawyer weight provide pretty hard.,Toys,Tablet,2022-02-22,2024-01-27,Active,False,https://placekitten.com/649/352
110,already,"Lay over hand visit minute. Wish bit close.
Yet trouble reflect age just. Necessary from be since learn. Audience pretty example education raise choice factor.",Books,Laptop,2023-02-09,2024-05-06,Active,False,https://dummyimage.com/706x1006
111,return,Car course be staff unit also place. Thus choose fund assume personal. Much hear theory room region home candidate natural.,Toys,Camera,2020-07-20,2024-02-01,Active,True,https://www.lorempixel.com/672/323
112,figure,"Will move door adult season hope memory. Whole pass reflect since.
Top try side term forget public. Meeting maintain culture why relate if.",Electronics,Laptop,2023-10-06,2024-04-10,Discontinued,False,https://www.lorempixel.com/375/525
113,free,"New director notice next subject stuff environmental. Win per better model.
Purpose late type group. Production remain see keep. Pass tax participant. Where military buy to very.",Books,Television,2020-12-17,2024-05-22,Active,False,https://placekitten.com/418/84
114,place,"Animal fight others picture see. Suggest will body somebody. Different poor movement spring executive third something.
Too player expert camera manage nation maintain. To several operation exist.",Electronics,Television,2020-12-09,2024-02-11,Active,True,https://placeimg.com/653/442/any
115,house,"Cup source can establish free resource. Book result begin speech pick upon.
Brother hand determine white. Read provide stock significant woman late second down.",Books,Tablet,2024-01-09,2024-05-17,Discontinued,False,https://dummyimage.com/105x746
116,write,"Bill bad shoulder recent. Open decide glass author threat sort.
Interesting very large evening staff despite. Responsibility season tough buy chance president story paper.",Books,Laptop,2021-08-29,2024-03-09,Discontinued,True,https://placeimg.com/912/359/any
117,newspaper,"Us role almost military know. Upon Republican floor begin. Game dog leader.
Enough for short culture. End single finish information American.",Appliances,Laptop,2023-03-31,2024-02-06,Discontinued,False,https://dummyimage.com/814x423
118,piece,"Company political sit window herself race institution. Media prevent every support risk product.
Brother attorney arrive up. Everything western once coach same lawyer certain.",Appliances,Laptop,2021-05-29,2024-04-17,Active,False,https://placeimg.com/761/534/any
119,peace,"Activity risk find me evidence walk. Manager ask car low history.
Threat doctor song best.
Theory letter training beat whether best. Right girl institution sell. Power mouth far wind success media.",Appliances,Laptop,2022-08-24,2024-05-18,Discontinued,True,https://placeimg.com/872/571/any
120,great,Option themselves employee although. People painting conference also agent foot. Seek common contain technology enjoy find religious. Road set campaign simple bit.,Furniture,Camera,2022-02-21,2024-02-21,Active,False,https://placeimg.com/386/906/any
121,mean,Strategy station doctor apply. Anything change west.,Books,Laptop,2024-02-19,2024-01-08,Active,False,https://placekitten.com/57/196
122,tough,Sometimes wife child child answer together. Clearly visit building more however leader unit score.,Books,Camera,2020-03-24,2024-02-11,Discontinued,True,https://dummyimage.com/56x757
123,view,"Success poor size fund huge shake me. From evening capital. Age throughout American art reach easy. Grow wish use seek back.
Answer bar detail onto forget. Hot record deal sort.",Books,Television,2021-03-27,2024-02-25,Discontinued,True,https://placeimg.com/198/589/any
124,happen,"Father include its miss. Teacher none toward weight personal national like.
Paper get walk career language result race. Work little individual risk.",Electronics,Tablet,2024-02-27,2024-02-26,Active,True,https://placeimg.com/423/179/any
125,factor,Carry generation bit consider line. Several dream recently standard language since manage state. Those week on nor themselves far. Level nothing language policy.,Electronics,Camera,2021-10-09,2024-03-03,Discontinued,False,https://placeimg.com/769/496/any
126,mean,Success quality determine none range suffer. End century end parent and off. Mission oil run few American.,Electronics,Laptop,2023-07-07,2024-03-02,Discontinued,False,https://dummyimage.com/166x988
127,middle,"Soon player hear choose environment different grow. It go performance yard explain cut.
Campaign or professional police with authority. Improve civil think than word brother attention.",Electronics,Mobile,2024-02-23,2024-02-14,Discontinued,True,https://placeimg.com/308/711/any
128,Democrat,"Model open all develop husband impact until billion. Look president himself top those local. Raise offer act.
Oil pick huge him. Spend purpose light now discussion successful.",Books,Television,2021-04-06,2024-01-26,Active,False,https://placeimg.com/97/710/any
129,when,"Answer seven society animal body news. Win buy enter seat green theory food.
Key break plant tax mention area suddenly. Nation light organization service hospital moment.",Toys,Camera,2024-05-10,2024-02-08,Discontinued,True,https://www.lorempixel.com/380/834
130,be,"Arrive back summer four radio. Believe entire meeting reveal party painting star by.
Meet analysis option bag. Spend pattern animal it price.
Hour deal direction as middle officer minute.",Electronics,Camera,2023-08-01,2024-02-18,Active,True,https://dummyimage.com/416x122
131,century,"Share deep on form.
Significant possible conference matter describe well up. Effect green close guess.
Along impact thing former way officer green. Defense three Republican.",Appliances,Camera,2024-06-08,2024-05-30,Discontinued,True,https://www.lorempixel.com/8/628
132,measure,Three green civil every him. Moment health human above head quickly. Officer property machine bill audience three.,Furniture,Television,2021-01-18,2024-03-30,Active,True,https://placeimg.com/460/442/any
133,reality,Positive hear fund improve behind. Budget president purpose even. Sport outside road effect final blood person.,Books,Mobile,2023-04-22,2024-02-09,Discontinued,True,https://placekitten.com/485/766
134,can,"Little certainly movement their draw none serious. Safe truth particularly just against inside.
Structure goal ready when only idea after. True natural case among on.",Toys,Mobile,2021-10-10,2024-05-08,Discontinued,False,https://placekitten.com/988/205
135,probably,"Scene writer enter doctor a only. Contain book resource. Shake realize able.
Dream list father design. Natural feel rich business. Particular own turn section them.",Furniture,Laptop,2020-12-24,2024-04-26,Discontinued,True,https://placekitten.com/57/499
136,future,Allow plan condition discuss phone. Would discussion form Mr similar. Agent form bad fill make process. Letter occur church trial.,Books,Mobile,2020-07-03,2024-05-22,Active,False,https://www.lorempixel.com/127/664
137,case,"Science mother so agency mind anything grow opportunity.
Gas her concern first. Point admit rest turn. Training theory Democrat compare town me son.",Appliances,Mobile,2022-12-17,2024-02-18,Active,False,https://placekitten.com/944/920
138,same,"All huge baby policy need safe. Work upon program story everyone.
Change happy animal certain future drop but. Every because former.",Toys,Laptop,2024-05-08,2024-02-06,Discontinued,False,https://placeimg.com/628/860/any
139,part,"Develop debate west up father thousand. Manager tree of board account.
Understand most art system view wonder.
Loss other life power young.",Toys,Television,2021-06-26,2024-01-06,Discontinued,False,https://placekitten.com/258/33
140,consumer,"She consider property rule economic cup society. Speak parent parent professional.
Myself do prepare consider kitchen popular range. Wear kind any.",Books,Mobile,2022-02-08,2024-02-06,Active,True,https://placekitten.com/883/759
141,we,"Group operation future sport.
Fish parent allow sport several probably. Enough specific black perhaps.",Furniture,Laptop,2020-09-21,2024-01-14,Discontinued,False,https://placeimg.com/862/571/any
142,run,"Natural nice difference event. Next energy once room worker. Economy above act see.
Idea pick impact business window across here. Receive expect ever lose. Us listen budget candidate.",Books,Tablet,2020-04-02,2024-01-02,Active,True,https://www.lorempixel.com/770/130
143,civil,"Budget a per. Item together thank guy government.
Line suddenly probably wife several. Television hour fast rule young spring. Food treat indeed large rich risk.",Furniture,Mobile,2024-02-21,2024-02-29,Active,True,https://placekitten.com/710/422
144,third,Training door near government market truth market. Care exactly somebody free language actually about but. Seven wide article doctor address. Yes because expect support.,Furniture,Television,2020-12-20,2024-01-20,Discontinued,True,https://www.lorempixel.com/90/672
145,shoulder,Sense lay present whatever for information loss. Try great perhaps floor word finish high. Value scientist good wrong. So couple center eye.,Electronics,Laptop,2022-11-22,2024-01-12,Discontinued,True,https://placeimg.com/892/1020/any
146,spring,Serious leader program son. Always ball effort. Reason rate hit from.,Electronics,Mobile,2020-04-12,2024-02-23,Discontinued,False,https://placekitten.com/564/371
147,middle,Media leave social positive degree role. Effect risk official thank. Process strong field kitchen window.,Appliances,Tablet,2020-10-14,2024-01-13,Active,False,https://dummyimage.com/636x1009
148,page,"Most its film language audience look increase. Effort major can.
Establish skin concern final. Month word should day language address.",Electronics,Tablet,2023-06-04,2024-05-16,Discontinued,False,https://dummyimage.com/643x958
149,pay,"Remain she child leg.
Natural century save election. Week success customer.
Young one very drug news during. Some decade air item notice Republican.",Furniture,Mobile,2023-01-01,2024-05-26,Discontinued,False,https://placeimg.com/348/921/any
150,especially,"Summer show player begin care.
Nice campaign clearly hope road trade yard day. Bed produce item. Personal owner candidate throw decade.",Books,Camera,2020-06-19,2024-02-23,Active,True,https://www.lorempixel.com/182/921
151,fight,Change hundred challenge sound especially authority. Note single friend out travel sea figure outside.,Appliances,Television,2022-03-19,2024-06-10,Active,False,https://placekitten.com/993/926
152,third,"Relationship section from manage. Be lot unit whose.
Remain job strategy often analysis space debate. Simply where within point. Share single government machine crime result.",Books,Tablet,2021-10-11,2024-02-04,Active,False,https://dummyimage.com/1007x526
153,loss,"Only toward draw of live. Member kind foreign instead full whether.
Environment my game. Community off region me sense theory.",Electronics,Camera,2020-10-23,2024-04-21,Active,True,https://placeimg.com/755/533/any
154,magazine,Heart participant represent audience. Reflect study forget general mission Congress budget heavy.,Toys,Tablet,2022-10-09,2024-01-20,Discontinued,True,https://www.lorempixel.com/489/508
155,wear,"Knowledge quality quality ground worker future. Table pattern factor arrive.
Store they push interview wind. Official her professional fly worker pattern.",Furniture,Mobile,2023-06-16,2024-05-07,Discontinued,True,https://placeimg.com/493/543/any
156,also,Home body hand whatever enough road. Individual hand war power ever great. Democratic painting usually consumer. Would bank finally.,Furniture,Tablet,2024-02-07,2024-01-04,Active,True,https://www.lorempixel.com/217/532
157,food,"Bed arrive response present newspaper sometimes. Our few step way employee. Body perform easy water some street know.
Experience point trip they truth outside foot. Action want hit street.",Appliances,Tablet,2020-06-06,2024-01-20,Active,False,https://www.lorempixel.com/259/821
158,condition,"Woman feel boy. Arm above everyone energy large front describe country.
Note add she. Somebody sport goal center well imagine around. Camera professional far son.",Toys,Television,2022-12-21,2024-02-28,Active,True,https://www.lorempixel.com/420/835
159,its,I decade house only store defense expect. Student prevent land media particularly certain discover.,Electronics,Mobile,2020-10-01,2024-02-19,Discontinued,True,https://placekitten.com/417/496
160,tough,"Similar serious their while notice front more name. Occur lead lead program word.
Student education word just community. Early civil then notice nice.",Books,Camera,2021-02-15,2024-02-04,Discontinued,False,https://placekitten.com/61/243
161,matter,Education unit will enjoy. Explain agreement public off early. Summer surface run consider necessary give. Stage student how relationship commercial prepare hold.,Appliances,Tablet,2020-07-21,2024-06-07,Discontinued,False,https://placeimg.com/272/702/any
162,plant,Practice even development skill. Learn chance create body money a. Hold often purpose.,Toys,Mobile,2020-11-01,2024-03-23,Active,False,https://placekitten.com/922/1016
163,responsibility,National same new dream leader million thus. Republican begin front ask. Including include everything investment.,Furniture,Television,2021-05-30,2024-02-22,Active,False,https://placeimg.com/712/983/any
164,only,"Available trade build health learn machine themselves.
Know very discussion deep successful. Sign include financial its test. Carry run fire less reality.",Books,Camera,2021-06-05,2024-02-22,Active,False,https://placekitten.com/596/896
165,those,"Response night authority cover recent its six.
Minute pull send purpose foreign special.",Furniture,Camera,2023-06-11,2024-04-21,Discontinued,True,https://placekitten.com/231/486
166,sort,"Pass window number back deep.
Security figure use even. Trade wall subject fund protect entire hair.
Safe doctor summer foreign. Sell they small short down. She nothing some those including when.",Furniture,Television,2022-09-22,2024-03-15,Active,False,https://dummyimage.com/418x1009
167,north,"Factor must represent. Black time develop nature. Attention answer who make water.
Hard most fall. Two eye ask strong senior save. Evidence center century short spend.",Books,Mobile,2022-10-16,2024-04-17,Active,False,https://placeimg.com/742/669/any
168,long,First event article record best. Authority student visit culture change win.,Books,Camera,2023-04-07,2024-04-22,Active,False,https://dummyimage.com/938x851
169,nor,"Not establish worker picture however morning artist begin. Capital detail better treatment recognize.
College PM opportunity stock course board physical.
Explain bit enter right teach as my cultural.",Toys,Tablet,2022-09-12,2024-02-10,Active,False,https://dummyimage.com/554x193
170,financial,"Late little feeling risk account. Point service century wait while enter remain.
Place Congress wife language. Mention sense probably Mrs sound land suddenly. Far gun will.",Toys,Television,2021-12-04,2024-05-15,Discontinued,False,https://www.lorempixel.com/72/473
171,new,"Establish sea week although increase then. Truth for once rate.
Dog nearly company nature politics. Drug measure member authority. Show process ask science.",Appliances,Laptop,2020-11-24,2024-05-16,Discontinued,True,https://placeimg.com/1/725/any
172,window,"Describe feeling any.
Tv light project almost. Operation air plan beautiful teacher dark give. Hotel will wind deal majority successful.
Behind per hundred drive price.",Books,Laptop,2021-01-02,2024-05-14,Active,True,https://placeimg.com/438/564/any
173,agency,"Thank event hotel worry. Must common traditional floor ago call behind some. Cut prepare soldier fund few five teacher.
Team drop middle. House either commercial likely near court.",Appliances,Tablet,2021-10-18,2024-01-12,Discontinued,True,https://placeimg.com/800/293/any
174,together,"Page brother perhaps necessary. Land physical spend. Bill realize note mean.
Dream drop current candidate. At likely apply couple war rule three. End serve wide task walk enough church.",Furniture,Camera,2023-05-27,2024-04-09,Discontinued,False,https://dummyimage.com/174x1014
175,college,"Important speak own travel size. Since role control six.
Actually something view dark. Wait across run surface discussion sometimes rather major. Similar truth stock artist itself.",Books,Mobile,2020-05-17,2024-04-15,Active,False,https://placekitten.com/343/20
176,debate,"Something look across wind somebody. Win general few white sense add.
Member age book. Majority stop become purpose drive western red manage. Today add expect stand raise.",Appliances,Mobile,2021-04-28,2024-03-18,Discontinued,True,https://dummyimage.com/1014x841
177,believe,Use tell provide tree always next. Rather apply social young fly of. Cost all difficult want avoid Mr nation. Sometimes tell power others.,Electronics,Laptop,2020-01-26,2024-01-19,Active,True,https://placeimg.com/222/281/any
178,happy,"Pass ball grow huge a interview soldier. Late break prove event answer father prepare Republican.
Whose rock effect meeting enough total. Senior many control blood force personal we huge.",Books,Laptop,2021-12-23,2024-05-09,Discontinued,True,https://placekitten.com/729/1011
179,sure,"President improve wait drop its. Born thank so international very.
Open well sense coach never. Bring back history suggest and each.",Toys,Mobile,2021-12-10,2024-01-26,Active,False,https://dummyimage.com/627x431
180,pressure,First case travel about firm tell get. Per customer rock card face. Analysis course radio big particularly class.,Electronics,Mobile,2021-02-23,2024-05-21,Discontinued,True,https://dummyimage.com/663x300
181,difficult,Him laugh within off just everyone professor federal. Set consumer issue newspaper. Score door speech. Investment draw consider score civil.,Appliances,Television,2021-01-08,2024-05-16,Discontinued,True,https://dummyimage.com/10x428
182,upon,"Goal picture last. Sport also reason or about.
Artist hotel girl still rise decision officer. Amount service any. Do imagine approach strong business fear.",Toys,Laptop,2022-05-12,2024-05-19,Active,False,https://placeimg.com/283/244/any
183,theory,Far serve cold professor. Represent hospital star course bed court. This national or environmental sort actually again theory. A voice enter Mrs daughter third exactly.,Furniture,Laptop,2020-06-16,2024-01-19,Active,True,https://placeimg.com/28/219/any
184,expect,Young even white father. Play sort tax father house form key. Other indicate know across case difference. Person memory series your produce development shake.,Electronics,Mobile,2021-06-13,2024-01-04,Discontinued,False,https://www.lorempixel.com/644/880
185,claim,"Technology only hold age. Professional animal possible reduce start individual myself.
Evidence act wife question. Bring president difficult practice. Movie evidence room Mrs fight ahead.",Books,Laptop,2022-01-23,2024-01-14,Discontinued,True,https://placeimg.com/231/655/any
186,change,"Between face skill business.
Accept base child trade production fill economy. Approach across much career against political building often.",Furniture,Laptop,2023-07-18,2024-01-30,Discontinued,True,https://placekitten.com/605/471
187,size,"Describe expect increase me decide. Store paper leader fact coach according.
Likely successful catch line American. Beautiful large nice move drive learn lot.",Toys,Mobile,2023-06-02,2024-01-10,Active,False,https://placeimg.com/481/56/any
188,ability,Reason prepare population he. Everything drug truth. Apply country dark another keep.,Books,Mobile,2024-04-09,2024-01-14,Discontinued,True,https://www.lorempixel.com/243/992
189,billion,"Generation town movement community clear talk responsibility. Republican soldier theory many sea bad nation. Policy physical some anything.
Story thousand over. Tree set parent stay.",Furniture,Television,2022-08-31,2024-04-05,Active,False,https://dummyimage.com/574x780
190,add,Collection ago just audience research as. Drop method hand past father. Daughter enjoy nearly official require. Employee book figure will campaign.,Appliances,Tablet,2023-01-28,2024-02-11,Discontinued,True,https://placekitten.com/888/205
191,free,"Leader ask difficult second. Today place behavior time argue reality.
Success four like reduce serious support. Everyone talk relationship letter. Kitchen case official woman week likely option.",Toys,Television,2021-02-11,2024-06-02,Discontinued,True,https://placekitten.com/160/106
192,everyone,"Practice road church. Strong main front house.
Task wind course her. Send upon attention.
Central positive respond role show week team. More stock hard hair thousand inside game.",Furniture,Camera,2023-09-08,2024-01-06,Discontinued,False,https://placekitten.com/485/431
193,share,"Break message move. Country morning tree surface wait.
Street drive who indeed. Raise place prepare particularly occur. Treat despite difference evening.",Electronics,Laptop,2023-12-18,2024-05-05,Active,False,https://placekitten.com/891/478
194,usually,"Star store get. As including that organization. Note cause one sure.
Movement method time. Particular shake argue total. Something wide trial threat window two where.",Appliances,Camera,2021-05-11,2024-06-20,Discontinued,False,https://placekitten.com/341/957
195,no,"Wind great against employee quickly. Ground among claim show boy challenge.
Security catch the less say. Night report yard. Institution address government Mr loss against last.",Appliances,Tablet,2022-09-24,2024-06-06,Active,True,https://dummyimage.com/682x185
196,run,Lead serve environment star whether figure those. Great president situation bed itself before behavior.,Electronics,Camera,2020-02-07,2024-05-18,Active,False,https://placekitten.com/250/632
197,report,"Film shake door deal force brother among local. Authority help option accept although mention.
Low agreement development on have threat mean. Find follow voice force. They data put fire sound.",Appliances,Tablet,2022-09-19,2024-05-02,Active,False,https://placekitten.com/881/971
198,page,Environmental only he among. Generation trip hard. Almost spend us walk common.,Electronics,Television,2020-01-27,2024-03-31,Discontinued,False,https://dummyimage.com/317x528
199,middle,Spring process risk message. Us you particularly similar usually. Actually give great young very feel side green.,Books,Tablet,2022-12-09,2024-02-23,Discontinued,True,https://www.lorempixel.com/502/261
200,analysis,"Your former almost up several.
A pressure write. Nation close sell job under wide.
Rise partner well through. Focus establish we your air.",Toys,Mobile,2020-06-22,2024-03-02,Active,False,https://dummyimage.com/1013x83
