AccessID,CustomerID,AccessDate,PageViewed,TimeSpent,DeviceType,BrowserType,IPAddress,Location,ReferrerURL
1,382,2024-01-28,categories/categories/list,65,Mobile,Firefox,5.122.97.137,Lake Alexandriatown,http://www.hancock-benson.org/author.html
2,521,2024-02-26,search/category,142,Mobile,Safari,57.171.231.8,Grahammouth,https://www.jackson.com/categories/index/
3,434,2024-06-03,search/main,266,Desktop,Edge,50.33.146.197,Staceystad,http://parks.com/
4,698,2024-03-23,app,187,Desktop,Safari,201.58.117.234,Port Pamelachester,http://brady.net/category/search/posts/main.php
5,81,2024-03-25,tags/tag/app,538,Tablet,Chrome,139.180.160.77,East Anthonychester,https://www.allison.com/
6,300,2024-02-04,main,114,Desktop,Safari,68.252.188.112,Davidberg,https://www.estrada.com/main/explore/index.php
7,618,2024-02-28,main,233,Mobile,Safari,82.60.87.209,Port Susanville,https://www.mason.org/tag/search/app/about/
8,215,2024-03-09,category,593,Mobile,Firefox,77.74.242.0,New Carrie,http://crawford.com/about.php
9,353,2024-01-20,wp-content,511,Tablet,Edge,215.68.59.203,West Jonathan,https://www.mcconnell.com/main.html
10,355,2024-01-19,list/app/tags,510,Desktop,Chrome,87.156.35.210,Johnsonside,https://hunter.info/about.asp
11,602,2024-04-17,tag,188,Tablet,Edge,78.123.130.28,East Richard,http://beltran.net/
12,643,2024-04-18,list/wp-content/wp-content,385,Desktop,Edge,16.206.86.230,Melissaburgh,https://www.lopez-taylor.com/posts/blog/categories/home/
13,220,2024-02-19,search/tag/main,214,Mobile,Edge,199.59.135.225,New Stacy,https://pierce.com/list/wp-content/home/
14,156,2024-05-16,categories/list/category,403,Desktop,Safari,67.135.188.245,Lopezside,https://bass.net/posts/wp-content/search/terms.htm
15,162,2024-03-09,list,541,Tablet,Edge,219.83.97.6,Richardburgh,http://www.alexander-riddle.net/search/
16,212,2024-06-07,tag/posts,441,Desktop,Edge,151.243.183.144,Port Williamfort,https://www.rubio-salas.com/list/search/
17,117,2024-03-17,wp-content/tag/tags,432,Mobile,Firefox,181.9.140.105,Mitchellchester,http://wright.biz/post/
18,306,2024-06-08,posts,334,Mobile,Edge,118.5.214.101,Lake Jason,https://www.wallace-velazquez.com/search.htm
19,288,2024-01-02,categories/tags,184,Tablet,Safari,158.190.123.153,West Shawn,https://joyce.com/
20,165,2024-03-08,app/tags,390,Mobile,Chrome,4.154.51.102,Davidton,https://hinton.info/
21,173,2024-04-06,posts/tag,342,Mobile,Safari,20.232.119.239,Lake Erin,https://www.brown.com/
22,145,2024-04-28,search/category/app,142,Desktop,Edge,150.163.84.88,Mariahaven,http://osborn.com/
23,100,2024-04-23,main,518,Desktop,Safari,125.137.154.143,Ericaborough,https://hunter.org/posts/about.asp
24,192,2024-02-16,blog/posts,319,Desktop,Chrome,124.189.174.248,Herrerafort,https://www.watkins.com/tag/tag/index/
25,368,2024-04-30,tags,416,Desktop,Edge,188.90.74.218,Lake Karenton,https://www.johnson.com/about.asp
26,458,2024-02-04,app,167,Tablet,Chrome,167.241.61.22,Mendezport,http://mercer.info/explore/tag/search/
27,662,2024-03-01,list/categories/main,285,Desktop,Edge,171.149.69.195,Lake Brettberg,http://www.wright.info/home.html
28,625,2024-04-25,wp-content/posts,313,Mobile,Edge,79.153.215.75,Paulhaven,http://hendrix.com/about.php
29,8,2024-02-12,blog/blog/wp-content,328,Tablet,Edge,77.73.137.184,South Kathrynland,https://www.reed-rangel.com/faq.html
30,72,2024-06-09,tag/tags,568,Tablet,Firefox,140.255.228.218,East Bobby,http://www.hayes.com/category/search/
31,511,2024-04-10,main/wp-content,68,Mobile,Firefox,63.38.70.242,Rothburgh,http://peters-lewis.net/category/register.html
32,515,2024-05-06,tags/categories,470,Tablet,Chrome,168.239.184.62,East Rebecca,http://www.clark.com/posts/wp-content/register/
33,46,2024-06-18,explore,592,Mobile,Safari,58.143.211.10,North Denisechester,http://www.robbins.org/categories/list/author/
34,44,2024-04-07,tags,441,Mobile,Chrome,130.61.57.208,Cookfurt,http://www.moss.com/
35,508,2024-02-21,search/categories/search,442,Mobile,Edge,30.22.94.14,North Sandraland,https://www.bailey.info/
36,463,2024-03-19,tag/explore/main,592,Desktop,Safari,86.81.199.15,West Aaronberg,http://ruiz.com/main/
37,429,2024-04-12,tags/tag,25,Tablet,Edge,42.171.65.250,Stephenbury,https://www.jones.com/
38,173,2024-01-09,main,168,Mobile,Safari,172.224.88.232,Port Zacharymouth,https://pham.com/search/
39,11,2024-02-26,category/posts,268,Mobile,Chrome,158.126.86.50,Willieport,http://www.ward-patterson.net/
40,270,2024-02-24,search/wp-content,97,Tablet,Chrome,148.149.96.218,Wilkinsonview,https://www.brown.info/terms.jsp
41,116,2024-06-09,tags/blog,241,Desktop,Chrome,206.239.121.123,Crystaltown,http://www.johnson-collins.net/
42,442,2024-06-16,app/search,232,Mobile,Chrome,142.220.166.235,Timothymouth,https://taylor.biz/app/faq.php
43,597,2024-02-27,categories/main,258,Mobile,Firefox,206.242.208.226,West Shellychester,http://taylor.com/
44,324,2024-01-05,categories/explore,523,Desktop,Safari,80.173.182.37,South Brittneychester,http://www.perez.info/categories/category/
45,437,2024-01-22,tag/app/posts,353,Desktop,Firefox,58.54.220.248,Karenmouth,http://lopez.com/
46,88,2024-01-11,list/posts,82,Mobile,Chrome,112.7.106.133,Williamstown,http://www.day.net/search/list/wp-content/category.jsp
47,402,2024-02-14,blog/tag/blog,562,Tablet,Safari,84.65.149.126,New Kristiport,http://www.foster.org/login.asp
48,330,2024-05-18,app,449,Mobile,Safari,28.255.161.195,Paultown,https://torres.biz/search.html
49,677,2024-02-22,tag/tags/tags,473,Mobile,Safari,195.102.79.11,South Michealfurt,https://weeks.com/index.htm
50,442,2024-04-23,tags,78,Mobile,Chrome,48.198.176.48,Toddfurt,http://www.adams-hughes.biz/
51,387,2024-04-23,blog,442,Mobile,Edge,137.24.111.167,Williamsside,https://www.anderson.com/index.htm
52,201,2024-01-07,search/posts,133,Mobile,Chrome,151.194.61.249,New Christopher,https://hanson.biz/
53,662,2024-01-26,category/tag,565,Tablet,Edge,214.204.82.174,East Richardchester,http://www.brown-sanchez.com/post.htm
54,540,2024-04-27,tags/app/category,531,Tablet,Chrome,67.3.149.42,Howardhaven,http://www.bailey-henderson.com/search/posts/register.htm
55,20,2024-02-01,blog/wp-content/tag,143,Mobile,Edge,81.233.233.176,Matthewchester,https://smith.org/
56,503,2024-05-11,categories/main/tag,425,Tablet,Edge,106.250.217.130,Judithmouth,https://www.alvarez.info/app/login/
57,499,2024-02-20,wp-content,210,Mobile,Firefox,91.52.155.104,Aliciachester,http://chan.com/
58,96,2024-03-24,posts,536,Tablet,Safari,40.159.221.138,Lake Darrylhaven,http://www.long.net/search/
59,596,2024-02-03,app/search,40,Tablet,Edge,169.124.14.25,South Matthew,https://gilbert.com/search/tag/tags/register/
60,721,2024-06-12,list,523,Tablet,Firefox,2.228.179.187,Port Codyfurt,https://johnson-kemp.net/faq/
61,262,2024-06-17,categories/categories/blog,297,Mobile,Edge,42.9.129.0,Lake Tinaberg,http://harris.org/category/register/
62,480,2024-06-16,explore/blog,295,Mobile,Safari,77.246.17.118,West Lisamouth,https://saunders.biz/
63,595,2024-05-22,blog/blog,138,Mobile,Edge,215.6.54.172,Heatherville,https://www.saunders.com/main/main/main/
64,690,2024-03-13,blog/wp-content/explore,597,Desktop,Chrome,27.182.67.86,Brownville,http://munoz.org/author/
65,130,2024-04-24,category,481,Tablet,Firefox,182.159.141.43,Leechester,https://graves-wilson.com/tag/about/
66,142,2024-05-25,main/explore/tag,582,Mobile,Edge,128.78.99.37,Port Tami,https://daugherty.com/
67,474,2024-02-23,blog,125,Mobile,Edge,38.168.92.178,South Michael,http://ruiz.com/categories/posts/faq/
68,547,2024-02-04,tags/app,45,Desktop,Chrome,124.38.30.112,Whitestad,https://www.grant.com/search/explore/list/register.html
69,476,2024-04-18,categories/wp-content,182,Tablet,Safari,213.173.98.99,Obrienmouth,https://kerr.org/main/search/
70,269,2024-01-29,blog,289,Tablet,Safari,158.0.220.24,West Jamesburgh,http://www.hodges-hudson.com/login.htm
71,577,2024-04-02,search,546,Mobile,Edge,174.97.177.170,Andersonhaven,http://johnson-savage.com/
72,15,2024-04-05,wp-content/categories/tags,176,Tablet,Firefox,78.191.204.181,Port Michele,https://www.king-pierce.org/index/
73,302,2024-02-11,tags/tag,539,Mobile,Chrome,11.86.120.242,New Erikland,http://www.johnson.com/
74,115,2024-01-30,search,264,Desktop,Chrome,174.103.60.53,Robinsonfort,https://www.beck.com/search/
75,552,2024-01-28,list/tag/app,524,Tablet,Firefox,8.92.249.205,Lake Kristin,http://chapman.net/search/main/
76,566,2024-03-22,category/main,291,Tablet,Firefox,195.122.108.109,Christopherside,http://www.wallace-james.info/tags/search/search/faq/
77,647,2024-03-10,app,347,Desktop,Edge,116.55.137.102,Lake Antonio,https://vargas.com/author.asp
78,112,2024-02-14,tags/explore,565,Mobile,Chrome,206.84.229.131,Hansenchester,https://www.sawyer.biz/tag/category/search.php
79,170,2024-03-27,search/main,454,Desktop,Safari,159.145.135.252,South Tina,https://www.wright.info/posts/tags/search/
80,657,2024-03-24,search/category,205,Mobile,Edge,58.97.165.161,Anthonyville,http://www.stephens-melton.com/homepage.html
81,155,2024-02-19,tags/tag/blog,491,Tablet,Edge,138.153.218.31,West Brian,https://cooke.info/categories/post/
82,474,2024-05-25,explore/explore,545,Tablet,Safari,84.72.125.79,Duncanland,https://www.allen.com/register.html
83,620,2024-05-23,app/tags,486,Tablet,Chrome,8.107.66.41,Bowmanport,http://www.henry.net/post.html
84,440,2024-04-11,main,287,Tablet,Chrome,90.178.168.220,Kylefurt,https://www.nelson.com/
85,587,2024-02-19,tags,414,Tablet,Chrome,1.99.249.78,Port Hollymouth,https://silva-fisher.biz/list/main/faq.html
86,260,2024-02-19,app/wp-content/explore,451,Desktop,Firefox,126.220.236.232,Townsendland,https://harper.com/main/tags/post.php
87,534,2024-02-10,categories/tag/posts,452,Tablet,Firefox,94.67.174.132,Steventon,https://hebert.com/wp-content/categories/tag/login.htm
88,689,2024-06-19,tag/category,597,Tablet,Firefox,161.40.238.49,West Jose,http://tyler.com/about/
89,421,2024-04-09,main/posts/blog,135,Desktop,Edge,41.187.90.108,East Cameron,http://hammond-rodriguez.com/main/post.htm
90,454,2024-05-31,blog,446,Mobile,Safari,37.5.96.148,Howellside,https://www.nelson.org/category/
91,652,2024-05-07,blog/wp-content/list,511,Tablet,Safari,219.15.47.164,Rivershaven,https://king.com/app/tag/author.php
92,769,2024-05-15,category/wp-content,300,Desktop,Chrome,163.199.6.55,West Ana,https://long.net/wp-content/register.jsp
93,380,2024-03-16,main/categories/posts,149,Mobile,Edge,189.117.142.172,Port Joanntown,http://www.harris.info/tags/blog/category/login.php
94,509,2024-03-31,wp-content,213,Tablet,Firefox,80.111.235.84,New Charles,https://www.jackson-hoover.info/search/tag/main/register/
95,430,2024-01-11,explore,556,Desktop,Chrome,64.164.132.135,South Maria,https://www.collins-bailey.net/main/terms.jsp
96,609,2024-03-09,blog,395,Tablet,Safari,13.52.97.127,West Lindseyside,https://www.colon-armstrong.com/tags/tag/tag/faq.htm
97,512,2024-04-10,categories/list,56,Desktop,Safari,21.146.19.102,New Staceyburgh,http://www.bass-wise.biz/faq.php
98,629,2024-03-20,app,346,Mobile,Edge,198.200.52.141,Cruzfort,https://moreno.com/author/
99,564,2024-02-26,explore/blog/wp-content,567,Tablet,Firefox,2.83.94.19,North Nicholas,https://www.mcguire.com/blog/blog/main.html
100,215,2024-02-02,search,286,Desktop,Safari,161.169.148.28,West Deborah,http://rodriguez.com/list/register.htm
101,132,2024-03-13,blog/wp-content/tags,505,Mobile,Chrome,17.180.70.180,South Amber,https://www.daniel.com/category/
102,339,2024-05-28,tag/tags,473,Mobile,Firefox,29.14.24.122,West Lauraton,http://kelley.net/
103,625,2024-02-11,posts/blog,178,Mobile,Firefox,202.160.53.101,Port Francisstad,http://mcclain-byrd.info/category/tags/search/
104,472,2024-04-01,blog/wp-content,149,Tablet,Safari,6.58.169.223,Garciabury,http://www.chapman.info/search/categories/category/home/
105,184,2024-01-03,blog/tags/list,307,Tablet,Firefox,88.189.51.7,Port Mary,http://dunn.com/register/
106,151,2024-06-07,blog/list/categories,489,Tablet,Chrome,123.42.65.64,Barrettbury,http://www.robinson.com/author/
107,286,2024-02-06,search/category/blog,86,Tablet,Firefox,167.48.17.170,Angelicaport,https://www.potts.com/categories/home.html
108,704,2024-04-10,categories/tags/category,63,Tablet,Firefox,214.243.62.122,Douglasport,http://www.thompson-lynn.biz/terms.jsp
109,187,2024-01-14,main/search,363,Desktop,Safari,56.250.158.163,New Brianville,http://www.dean.com/
110,648,2024-02-10,tag/list/app,52,Mobile,Safari,40.54.112.172,Muellerland,https://jackson.com/search/
111,539,2024-04-06,wp-content/posts/category,355,Desktop,Firefox,212.104.68.127,Lake Matthewborough,https://www.houston.com/explore/main/category/
112,338,2024-01-26,main/main/explore,79,Desktop,Chrome,5.213.205.200,Kennethchester,http://chaney-ellis.com/tags/posts/privacy/
113,523,2024-04-15,app,566,Tablet,Safari,148.221.78.251,North Ronnie,http://www.rubio.com/wp-content/author/
114,678,2024-06-17,categories/blog/app,204,Tablet,Firefox,109.40.228.99,New Robert,https://pittman.com/
115,362,2024-02-23,blog,91,Tablet,Chrome,107.225.83.45,Ashleybury,http://www.west.info/tag/post/
116,409,2024-05-23,category,355,Mobile,Chrome,1.198.170.111,New Sheilabury,http://www.edwards.info/post.asp
117,108,2024-03-07,posts/explore,177,Desktop,Edge,73.79.3.191,Gilmorechester,https://garcia.com/about.htm
118,138,2024-04-10,blog,310,Tablet,Firefox,147.52.110.232,Kellifort,http://dickerson-phillips.com/faq.php
119,10,2024-04-17,main/posts,346,Tablet,Safari,52.9.70.78,West Karen,http://www.marquez-george.info/list/privacy/
120,479,2024-01-10,blog/categories/tags,30,Mobile,Chrome,111.150.232.16,North Brianfurt,https://evans-miranda.com/blog/post/
121,219,2024-04-25,tag,301,Tablet,Chrome,105.234.57.62,Port Aliciaborough,http://www.fowler-shaffer.biz/post.html
122,162,2024-06-15,tags/app/explore,418,Tablet,Firefox,25.37.90.91,Holmesburgh,http://stone.com/terms/
123,224,2024-06-01,posts,209,Desktop,Firefox,94.26.66.103,Port Anna,http://www.salinas.net/wp-content/tag/list/post/
124,795,2024-03-14,categories,504,Tablet,Chrome,173.201.193.204,Lindsayfort,https://www.kim.com/
125,415,2024-02-07,posts/category,293,Tablet,Firefox,113.137.90.98,New Jerry,http://www.yates.info/home.html
126,30,2024-02-27,category/main/tags,425,Desktop,Firefox,199.121.46.73,Seanburgh,https://bell.com/wp-content/main/
127,147,2024-01-16,blog,366,Mobile,Firefox,54.105.158.26,East Christopher,http://www.guerrero.com/home/
128,472,2024-05-29,explore,435,Desktop,Safari,126.77.144.103,Turnerstad,https://peterson.net/home.html
129,751,2024-03-26,posts/tag/main,434,Desktop,Chrome,90.222.39.252,Garciaside,https://www.hernandez-henry.com/main/category.html
130,42,2024-04-05,posts/search/app,468,Tablet,Edge,99.241.47.63,Beckermouth,https://rodriguez-watts.com/tags/search/posts/homepage/
131,730,2024-02-28,tags/list,92,Mobile,Safari,146.94.22.158,Lake Jacqueline,https://short.biz/app/categories/main/register/
132,504,2024-05-12,list/blog,148,Tablet,Edge,133.254.179.4,New Michael,http://brown-snow.biz/wp-content/register/
133,293,2024-01-21,explore/blog,184,Desktop,Firefox,36.174.199.159,Sarahbury,https://moore.net/privacy.html
134,187,2024-03-03,tag/categories,427,Mobile,Firefox,74.229.63.207,West Christineport,http://cooper.com/app/app/list/faq.php
135,549,2024-01-31,categories/posts,47,Tablet,Firefox,21.42.65.239,Lake Patrickstad,http://jefferson.biz/index/
136,481,2024-04-03,app,531,Desktop,Chrome,113.28.125.169,Amyfort,http://www.burton-kelley.com/
137,484,2024-02-21,list,278,Tablet,Chrome,104.70.86.198,East Rhonda,http://www.mcdonald.com/tag/faq/
138,416,2024-02-03,tag/tags/posts,234,Desktop,Firefox,70.108.195.217,Munozville,https://www.roach-white.com/category/about.php
139,444,2024-01-04,app/blog/blog,77,Desktop,Edge,188.165.52.158,South Yolanda,https://www.yates.com/blog/index.html
140,613,2024-02-11,category/categories,33,Desktop,Chrome,131.203.9.232,North Emilyshire,http://www.coffey-jones.org/tags/tags/search.php
141,423,2024-01-21,search/search/wp-content,553,Mobile,Edge,43.219.67.164,East Malloryfurt,http://kidd-espinoza.com/search/
142,641,2024-03-03,list/app,456,Desktop,Chrome,196.65.244.204,East Madelinestad,http://www.bennett.com/category/
143,781,2024-04-16,search/tag,219,Tablet,Firefox,147.240.8.86,Angelaview,http://www.freeman.com/explore/post/
144,417,2024-03-15,posts,188,Mobile,Firefox,52.191.43.37,Davieshaven,http://www.sanders.org/tag/blog/main.html
145,744,2024-04-09,main/app/category,326,Tablet,Edge,93.82.87.142,North Tamarashire,http://schneider.biz/
146,724,2024-05-20,tag,289,Mobile,Edge,91.184.124.221,West Margarethaven,https://parrish.com/post/
147,550,2024-03-14,list/categories,134,Desktop,Edge,110.10.12.115,Palmerville,https://www.wilson.org/login.jsp
148,308,2024-05-30,tags/list/tags,493,Tablet,Edge,44.103.29.212,Port Jeanne,https://www.anderson.com/
149,411,2024-01-28,app/categories,167,Tablet,Firefox,73.12.125.146,Lake Samanthamouth,http://le.com/homepage.jsp
150,568,2024-01-26,category,339,Desktop,Edge,9.46.46.186,West Todd,http://may-foster.biz/home/
151,146,2024-03-03,search,456,Mobile,Chrome,83.77.197.120,Michaelland,http://krause.com/list/main/category/terms.htm
152,741,2024-06-17,tag/categories/tag,351,Desktop,Chrome,117.72.167.84,Carolynview,https://www.parrish.org/blog/faq.php
153,444,2024-03-10,blog/blog,211,Desktop,Safari,129.60.79.152,Lake Rickystad,https://shields.com/main/posts/blog/register.jsp
154,616,2024-02-10,wp-content/category/wp-content,91,Mobile,Edge,191.69.208.229,West Sara,http://www.martinez.com/
155,24,2024-06-08,tags/posts,423,Tablet,Edge,43.93.5.121,Lake Aaron,https://robbins-myers.info/
156,687,2024-06-18,explore,183,Mobile,Firefox,164.37.189.1,West Lisa,http://rogers.info/
157,196,2024-01-07,tag/main,262,Mobile,Chrome,54.164.248.119,Josemouth,http://maldonado.biz/register/
158,329,2024-04-30,explore/categories/blog,567,Desktop,Firefox,18.168.247.141,North Justin,https://www.mitchell.com/
159,788,2024-04-12,main,183,Mobile,Firefox,211.200.38.46,South Daniel,http://williams.com/
160,15,2024-02-24,search/wp-content,66,Desktop,Edge,181.52.245.212,Rogerstown,https://lowery.com/categories/tags/categories/privacy.html
161,269,2024-04-09,category,14,Desktop,Safari,10.196.222.123,Tracyville,http://www.harrington.com/search/explore/tags/register/
162,429,2024-05-21,categories,320,Tablet,Edge,91.220.97.58,Vazquezville,https://www.gross-knight.com/register.htm
163,633,2024-03-31,posts/main/main,219,Desktop,Safari,126.47.160.158,Randolphbury,http://www.petty.com/
164,120,2024-01-30,list/main/main,169,Tablet,Firefox,28.78.235.57,East Antonio,http://spencer-smith.com/home/
165,123,2024-05-14,blog/categories/main,26,Tablet,Chrome,143.73.138.187,South Regina,https://baker.com/index/
166,185,2024-03-28,blog,406,Desktop,Safari,110.230.201.41,Lake Amanda,https://banks-stevens.net/search/home/
167,73,2024-06-11,main/main,166,Desktop,Safari,22.119.43.18,Port Kimberly,https://www.james-baker.biz/app/search/category/
168,442,2024-03-04,app/explore/tag,518,Tablet,Edge,103.5.108.76,Port Mark,https://richard.biz/
169,350,2024-06-06,list/blog,218,Tablet,Firefox,223.156.209.144,Sheppardmouth,http://www.zimmerman.com/search/faq/
170,108,2024-05-23,category/tag,99,Desktop,Safari,65.117.78.140,South Marcus,https://williams-savage.com/wp-content/blog/post/
171,558,2024-02-10,tag,68,Mobile,Chrome,21.54.15.145,West Cheryl,https://www.morgan.com/
172,532,2024-01-13,posts/category,375,Desktop,Edge,172.69.36.96,North Gail,http://hobbs.info/main.html
173,775,2024-04-11,main/app/posts,93,Mobile,Edge,18.104.229.231,Belltown,https://smith.com/
174,202,2024-06-18,search/app/main,300,Mobile,Chrome,188.81.126.42,East Royburgh,http://morse.com/tags/wp-content/home.jsp
175,656,2024-03-07,categories/search,170,Desktop,Chrome,170.237.19.238,Stanleyburgh,https://wise-peterson.net/wp-content/search/category.htm
176,342,2024-04-13,app/blog/posts,220,Mobile,Safari,83.171.210.39,Marymouth,http://bennett.net/posts/about/
177,259,2024-02-03,main/app,196,Mobile,Chrome,74.221.190.179,Hughestown,https://www.parker-turner.com/app/tags/posts/terms/
178,553,2024-01-31,search/main/category,494,Mobile,Chrome,11.116.88.249,North Danielleport,https://www.harris-cox.org/author.jsp
179,419,2024-03-29,wp-content/tag/wp-content,404,Mobile,Chrome,8.198.79.160,Paulafort,https://bentley-perez.biz/category/author.htm
180,120,2024-02-06,category/main/blog,500,Mobile,Firefox,87.137.243.106,Collinsshire,https://burnett-dillon.com/about.jsp
181,13,2024-02-22,app/posts,32,Mobile,Safari,124.62.81.17,East Shawnburgh,https://www.walls.com/app/author/
182,589,2024-02-18,main,325,Tablet,Chrome,69.149.185.10,Port Susan,http://www.foster-velez.info/
183,366,2024-05-06,app,32,Desktop,Edge,136.212.122.242,West Jessicamouth,https://www.kline-holmes.com/home.html
184,454,2024-04-29,explore/tag,407,Mobile,Edge,115.56.131.177,West Daniel,http://vaughn-thomas.org/explore/privacy.php
185,792,2024-04-29,search/blog,461,Desktop,Chrome,115.160.164.17,Daviston,https://gomez.com/
186,382,2024-03-14,tag,263,Mobile,Chrome,105.6.233.196,Smithmouth,https://little.org/faq/
187,250,2024-01-26,categories/explore,47,Mobile,Chrome,4.89.124.64,North Tammy,http://www.morgan-price.com/main/main/category/terms/
188,121,2024-03-12,tags,544,Desktop,Chrome,194.99.174.122,Guerrerotown,https://www.kelley-ferguson.com/tags/wp-content/tag/main/
189,222,2024-02-10,main,358,Tablet,Edge,188.202.189.243,Port Kimborough,https://reilly.com/tags/category/category.php
190,364,2024-03-02,blog,34,Desktop,Safari,16.241.155.115,Knightton,https://ball-farrell.com/category/search/home.asp
191,100,2024-03-14,explore/tags,325,Desktop,Edge,23.1.115.251,Jacobville,https://beasley.com/
192,528,2024-04-03,categories/categories/blog,200,Tablet,Edge,97.66.39.34,Joneston,http://johnson.org/
193,466,2024-05-08,explore/tags,324,Desktop,Safari,64.184.219.253,New Debbie,http://www.douglas.org/
194,198,2024-04-17,list/list,33,Mobile,Edge,34.71.9.247,Christieburgh,http://mcfarland.com/list/blog/app/search.html
195,359,2024-06-15,list/explore,569,Tablet,Chrome,45.172.219.96,North Robertfort,http://www.vaughn-brown.com/
196,69,2024-03-29,categories/search,285,Tablet,Edge,54.32.76.18,New Andrew,https://www.payne-johnson.com/category/wp-content/home.jsp
197,52,2024-04-10,wp-content/posts/tags,241,Tablet,Chrome,177.201.63.90,New Kristin,http://www.kent.com/category/main/explore/category/
198,503,2024-02-04,blog,205,Tablet,Safari,90.105.247.75,Alexanderbury,https://howe-gonzalez.net/list/author/
199,531,2024-05-01,wp-content/tags,36,Desktop,Safari,121.236.45.105,Gomezhaven,http://hahn.net/index.asp
200,161,2024-04-23,app,179,Mobile,Safari,66.107.72.168,Cruzshire,https://www.adams.info/search.php
